date,R,M,CRM,CPI,IP,PC,OP,Q,Interv
1982-01-01,12.89,13.9657227811832,NA,4.0697463563117,2.73362924941219,3.880779449811219,3.8233379654662576,-4.925730787005811,NA
1982-02-01,14.83,13.9564367163612,NA,4.06016154892713,3.0336107611192,3.873776145600097,3.7583429520527947,-4.928484811068578,NA
1982-03-01,11.72,13.9567954470406,NA,4.06045664265839,2.89508485649514,3.8470950713654406,3.7059494515314158,-4.944566714126551,NA
1982-04-01,11.87,13.9773205450358,NA,4.06194935821911,2.87945332941567,3.8383908542504312,3.7436520100899684,-4.934042185264735,NA
1982-05-01,11.99,13.9946995446474,NA,4.06768782650632,2.88135367279914,3.8339966671947714,3.781855037416563,-4.909414346738851,NA
1982-06-01,12.9,14.0228382665091,NA,4.0678351161336,2.85956128617953,3.7853084401566077,3.775088674096695,-4.925585628056508,NA
1982-07-01,9.57,14.0445260102093,NA,4.07102782799283,2.86732214626603,3.7732894464006725,3.779360510045679,-4.930870325627393,NA
1982-08-01,11.1,14.0620656903992,NA,4.09861958911893,2.86235000825181,3.753786436801672,3.768880565907468,-4.956460659649984,NA
1982-09-01,8.9,14.0817306823391,NA,4.08221176206492,2.90866404635967,3.747942214411194,3.7953596383039736,-4.9454209891126535,NA
1982-10-01,8.79,14.0985510694998,NA,4.07512039561171,2.90307911764839,3.725566651464238,3.804112139647654,-4.943640425271977,NA
1982-11-01,8.46,14.1169181167208,NA,4.07553799340295,2.89780079672442,3.742958365261563,3.7822082877560073,-4.92529524692924,NA
1982-12-01,8.38,14.1403659360762,NA,4.08855822188783,2.93277404663735,3.754384673393924,3.736645411168119,-4.90852873782488,NA
1983-01-01,7.09,14.1567007056895,NA,4.08695840880773,2.9295882213037,3.76759175635289,3.7081841633658854,-4.894176381402003,NA
1983-02-01,8.16,14.1759712652386,NA,4.09076345278838,2.95040481471683,3.796706990465507,3.6669391374234444,-4.911698546236233,NA
1983-03-01,6.66,14.197243890292,NA,4.0930551155647,2.94489921327907,3.817305059262282,3.6422715407554143,-4.914711592792766,NA
1983-04-01,6.71,14.2170828437324,NA,4.09661534786051,2.96633395072097,3.853522753587098,3.6783865264552156,-4.916764078486185,NA
1983-05-01,6.72,14.2404746431619,NA,4.08963581132356,2.98140443065977,3.882746544564237,3.6693352637767993,-4.901787222497451,NA
1983-06-01,7.14,14.2620243509437,NA,4.09525735239985,3.01248988575217,3.878067261200841,3.687714226748355,-4.91705694713669,NA
1983-07-01,7.39,14.2811910426295,NA,4.08743097866123,3.03058625440136,3.8950097610177923,3.689094043988887,-4.912948960138995,NA
1983-08-01,7.53,14.2954362083689,NA,4.08493138429009,3.04618721535637,3.9619492567576398,3.6960237302374495,-4.918958505524352,NA
1983-09-01,6.12,14.3129713369765,NA,4.07977689799152,3.06064554741245,3.9726029926967716,3.6833736700363886,-4.913316431572226,NA
1983-10-01,6.39,14.332050891765,NA,4.08007937518915,3.06928738452426,3.967472073815795,3.6681051062325474,-4.911919321157098,NA
1983-11-01,6,14.350147979661,NA,4.08084912271937,3.07750526883497,3.9534950264956077,3.6530672289076236,-4.926673806915383,NA
1983-12-01,6.42,14.371808545623,NA,4.07615444147533,3.06511671709625,3.95705198768043,3.6401740518525174,-4.896495613354671,NA
1984-01-01,8.1,14.4166152855117,NA,4.07484671882188,3.11249357689987,3.972467424285355,3.644197149285606,-4.8816649127992955,NA
1984-02-01,8.45,14.4016711728526,NA,4.0790051926307,3.07902265672945,3.9594213106798013,3.6500233948958347,-4.876570425865589,NA
1984-03-01,7.23,14.418312929351,NA,4.08073763087919,3.11527566635553,3.9789183091570743,3.6578100846716075,-4.86182587983475,NA
1984-04-01,6.51,14.4327443782467,NA,4.0819097014292,3.09932327518021,3.979152943139228,3.6579017834359315,-4.871909481419947,NA
1984-05-01,5.05,14.4548198893469,NA,4.0942698851008,3.13096099886081,3.990565497828374,3.6557845367476003,-4.898585790287632,NA
1984-06-01,5.9,14.4659121224402,NA,4.09184436305641,3.13593393241164,3.9505676947069146,3.648476052463041,-4.898436636733773,NA
1984-07-01,6.78,14.4822867665351,NA,4.09134599802242,3.15031076699256,3.879548588245538,3.6177106547250966,-4.925803358579558,NA
1984-08-01,5.47,14.5014693561278,NA,4.09315263563511,3.14586706578985,3.8658878703644675,3.62331180245889,-4.940927881671436,NA
1984-09-01,6.7,14.5164636816945,NA,4.08750373064701,3.12256256849983,3.85041263904263,3.6261000139224135,-4.9503897670809724,NA
1984-10-01,5.04,14.5293124987858,NA,4.08331551227212,3.10337930376317,3.8336206007600797,3.612109683693875,-4.946629964120343,NA
1984-11-01,6.05,14.5406021359823,NA,4.08755858573843,3.13361698952187,3.8303897108598703,3.6067867559866174,-4.926021041706347,NA
1984-12-01,6.61,14.5520983894228,NA,4.09140198833916,3.12625817487812,3.8017351477687766,3.5820455562060083,-4.932673752626544,NA
1985-01-01,6.59,14.5625337436776,NA,4.08964607226131,3.13484298302724,3.79849639038083,3.577642742138541,-4.948972633704149,NA
1985-02-01,8.35,14.5883703012278,NA,4.09300339551737,3.17567667086854,3.798019541262148,3.60861635170809,-4.9764578422946695,NA
1985-03-01,6.37,14.6061761623142,NA,4.09410557617943,3.13723274636877,3.7993217424400276,3.612665208686236,-4.963823172310451,NA
1985-04-01,5.42,14.6185735329678,NA,4.08835366416407,3.15100378076155,3.8093256985371817,3.611927384463357,-4.922750808785736,NA
1985-05-01,6.03,14.630372346395,NA,4.08515131193362,3.13376786084773,3.7876241064771565,3.574114411381548,-4.913830664825064,NA
1985-06-01,5.43,14.6508185339088,NA,4.08217588323753,3.14362598189113,3.7563105693995245,3.567425410466551,-4.904459631481588,NA
1985-07-01,5.63,14.6706289630689,NA,4.08433170711262,3.13460567811888,3.7323569063466304,3.5653419296931657,-4.874662829239662,NA
1985-08-01,7.83,14.6874292848579,NA,4.07713814761366,3.13369578391684,3.7146452152232747,3.5828759869119735,-4.848508444587821,NA
1985-09-01,5.88,14.7133734390207,NA,4.08468386650356,3.14667863715362,3.6924332732986334,3.580062778305818,-4.868226518613468,NA
1985-10-01,5,14.725653621262,NA,4.08267447753842,3.15669824453765,3.687522246509605,3.6028319984523978,-4.823984379141072,NA
1985-11-01,5,14.7432113347004,NA,4.07921505567884,3.16611210476448,3.7036472352394525,3.6250629630881037,-4.798266815950004,NA
1985-12-01,5,14.7558704524139,NA,4.07697365339141,3.20192645019086,3.751042137930954,3.5603502687894695,-4.780215333811269,NA
1986-01-01,5.08,14.7846794239155,NA,4.08458305595852,3.2170802213693,3.7766122221746348,3.501021047725051,-4.785406236291025,NA
1986-02-01,5.01,14.7948378824514,NA,4.08401585698793,3.19272473882591,3.758574218845214,3.1672918514529886,-4.765160922297032,NA
1986-03-01,3.57,14.8020013911634,NA,4.08595719927976,3.32463687297968,3.7696447250505174,2.994526140246574,-4.754968551076486,NA
1986-04-01,3.64,14.8177665191667,NA,4.08693011533324,3.2201205137843,3.7531419171687506,2.9494231254114482,-4.758749273916392,NA
1986-05-01,3.5,14.8289014820842,NA,4.08780519869609,3.25930032663671,3.7308045015624214,3.0376213793434226,-4.746322465743975,NA
1986-06-01,4.32,14.8418803534725,NA,4.08939442260868,3.26238511365511,3.697589349961463,2.9292945337453533,-4.760034896549007,NA
1986-07-01,3.5,14.8660287103583,NA,4.08704323835516,3.27538484177514,3.6681304660349396,2.788673237564287,-4.737250526345299,NA
1986-08-01,3.5,14.8939874099408,NA,4.08878290366627,3.29800507533517,3.6628857261155394,3.0247673312172463,-4.746582938938415,NA
1986-09-01,3.5,14.9093787541187,NA,4.10449861086966,3.31453452527501,3.6912868040202103,3.0451149922787293,-4.7813898305905775,NA
1986-10-01,3.73,14.930711156323,NA,4.10112847432885,3.34264112885087,3.685485736687443,3.0351636705013494,-4.785573236959415,NA
1986-11-01,3.37,14.9480612090969,NA,4.09847752260401,3.35639829355506,3.6823373899666647,3.0630023959365937,-4.79223049712922,NA
1986-12-01,4,14.9649027368571,NA,4.10191703834473,3.35286278062617,3.675802304328754,3.119172101346724,-4.794301834710595,NA
1987-01-01,3.78,14.9988708456,98289,4.0974218747053,3.29728834584138,3.6970108693929666,3.2008753859009142,-4.778114580969449,2509.1422342749006
1987-02-01,3.57,14.996371347013,95552,4.0943073571404,3.45187931143424,3.7125471854732415,3.1640871675772937,-4.773899789262579,2451.1158845302098
1987-03-01,3.27,15.0173478859414,93140,4.08929719530997,3.37836949569604,3.718552504165934,3.1864399169183155,-4.766353223579481,2375.788934985553
1987-04-01,3.65,15.03841876222,96412,4.09016287263445,3.38631447053635,3.739055387484164,3.182150071341179,-4.7666085318656215,2438.2740877967544
1987-05-01,3.73,15.0608139769959,71812,4.08859549080195,3.39340775518645,3.772172983241192,3.2019807663066024,-4.79867893217261,1805.0176729809152
1987-06-01,3.45,15.0679364894328,43939,4.08953502608294,3.39910845520534,3.7702395407938227,3.2156704409428842,-4.846153655430633,1053.9436665687704
1987-07-01,5.28,15.0793438661486,10943,4.10117240613156,3.39125641244063,3.782256585397059,3.258170733042479,-4.875807823830614,-5.129039333255946
1987-08-01,4.03,15.0958342932459,65390,4.10350864041257,3.410869829579,3.8030054580184114,3.2231353729670253,-4.903495418538352,1529.2756219176745
1987-09-01,4.21,15.1121412717187,56837,4.09760769290455,3.39414007955683,3.8406388224149635,3.196405415321406,-4.890273937425072,1317.5419262445832
1987-10-01,3.64,15.1294721204493,165611,4.08722868526968,3.40523055992886,3.8732880026413437,3.209259391915922,-4.881209746655798,4654.602235135367
1987-11-01,3.57,15.1504535214589,124224,4.10312258910282,3.39537108711718,3.8955090201892277,3.181075190955868,-4.859967431104096,3573.482411903273
1987-12-01,4.56,15.1714865129652,51294,4.12078168409924,3.40097850014119,3.933105099096842,3.1376845658895953,-4.874739203012945,1466.8325450742473
1988-01-01,5.11,15.1784928865217,-15389,4.102832130016,3.41587825400858,3.9537321587596748,3.139559431912544,-4.868380246515384,-930.3994291694783
1988-02-01,5.52,15.1907955311257,42460,4.09874901408645,3.42011245788527,3.9317313545708528,3.1035508183066396,-4.8696092197094725,882.5167123031481
1988-03-01,5.37,15.2060526221963,-40986,4.09631533438385,3.39644222652545,3.9760748631523954,3.0467395338640246,-4.848194792895451,-2090.9305328223095
1988-04-01,5.23,15.2251015664704,2072,4.09362981997786,3.41271113232335,3.986259334159531,3.1225337144423855,-4.835885002798619,103.91558060134764
1988-05-01,4.37,15.2402604579368,9942,4.10230113705421,3.41045426355377,4.038265170649255,3.106592598938355,-4.846625057073554,58.797332833976895
1988-06-01,5.65,15.2574026090629,-52538,4.10985925776903,3.41700494035736,4.137472314547472,3.070556977111405,-4.862599215268851,-2966.858884092814
1988-07-01,5.41,15.2920640957329,26704,4.10964028598938,3.43810285704802,4.057858089912854,3.02934479254821,-4.885374368583913,486.98041334734967
1988-08-01,3.97,15.3002266706851,-9930,4.1170203589914,3.4280316589767,4.030771289076359,3.0365618006772825,-4.902753083117135,-686.0735507100069
1988-09-01,4.19,15.3106910638281,-34108,4.11069524137984,3.44244309350157,4.017973877429737,2.9555026801863518,-4.893651938610437,-1697.9066009886546
1988-10-01,3.89,15.3263313168379,31421,4.11777819877827,3.44795905907267,4.025299129384333,2.9138052941171746,-4.8779416457041185,735.8561458298027
1988-11-01,3.51,15.3373940227059,77964,4.12580181679622,3.43983381013151,4.0440505059288,2.9407187510037556,-4.8722157835894295,2440.7947508430507
1988-12-01,4.21,15.3558794556433,-3764,4.13294063754856,3.46619486729041,4.073562926447374,3.0628198639499833,-4.868226518613468,-554.460940976317
1989-01-01,3.8,15.3727000396369,52047,4.13041959893644,3.4681932958049,4.062480445939321,3.1382233927177103,-4.896121907307495,1394.0751899518073
1989-02-01,4.42,15.3862722464582,23189,4.1392227543435,3.43521986238493,4.042651931839034,3.128015496977215,-4.910299172043593,385.99183951686143
1989-03-01,3.64,15.4082482715566,-3822,4.14467721733946,3.48537858502763,4.055287602778389,3.1922018699100927,-4.92224114333366,-593.4713873983844
1989-04-01,10.85,15.4377550744861,25449,4.14815602370685,3.48343412390727,4.047380808221742,3.24425427227092,-4.947766489317265,439.33881514694673
1989-05-01,11.21,15.4405498402419,-2795,4.15260716278191,3.47842858213467,4.044343942087198,3.200569390016923,-5.020387585538934,-597.5063507523982
1989-06-01,7.95,15.4519159497703,-21646,4.15239685967941,3.47872108404532,4.012470615963351,3.185884416301323,-5.024209414123374,-1319.4720276722974
1989-07-01,7.23,15.4572499975531,11744,4.14830334870132,3.47244702572736,3.9863796007233026,3.184112690567113,-5.007697650108913,-105.07623657111111
1989-08-01,8.75,15.4737328699798,-35230,4.14918108589266,3.47591666602489,3.9692861902783627,3.145411479429731,-5.025326842839245,1046.7875866109912
1989-09-01,7.06,15.4853450584963,-13173,4.16633965703784,3.46255875830628,3.9652127253317473,3.1781358318762702,-5.055417436868149,-1065.5649221645917
1989-10-01,8.59,15.4973957204534,-14025,4.17697275704464,3.44868846170747,3.968399223792719,3.214707363497127,-5.04426347507624,-90.45778570010941
1989-11-01,5.49,15.5142881362686,-2138,4.16393886789862,3.45724697505814,3.9427435563569504,3.2282288813034565,-5.008366054652212,-649.6753086657486
1989-12-01,5.66,15.5247751079395,-33983,4.16530195823687,3.44590999066758,3.922432910184583,3.285853626873586,-4.985727658390071,-1797.421847638187
1990-01-01,10.68,15.5386380342717,42688,4.1686740487706,3.3278883855125,3.9169060522441908,3.3463208752074007,-4.982167230116731,1183.0733746958356
1990-02-01,13.03,15.5465940861986,-39940,4.16655035339863,3.57208825943037,3.9153532575334977,3.294155500912232,-4.974040463626701,-1981.51190214474
1990-03-01,13.67,15.5476634276769,-78845,4.17658347092964,3.48368354926761,3.9475683731872824,3.219543788266714,-4.98784420579544,-3446.412277262545
1990-04-01,11.62,15.553583678703,-18623,4.17983548259646,3.45681328244564,3.949908672048095,3.142208453057585,-4.998630186968824,-1198.6539680430496
1990-05-01,9.16,15.555874960275,-36894,4.18774782299156,3.44715752321953,3.945162144438378,3.1476849706650203,-4.969118613893322,-575.3990326526389
1990-06-01,11.17,15.5501850849489,-135017,4.18697949574976,3.46338948267815,3.9273081721358465,3.085267475375923,-4.948901724290894,-5319.566048693072
1990-07-01,11.68,15.5621648028437,37712,4.19494817695163,3.46753184386935,3.934413478651335,3.170851547148938,-4.944281793546235,985.6056714678103
1990-08-01,10.04,15.5765603006777,24296,4.20547459712178,3.45477750139806,3.954454713786747,3.515766474172895,-4.93418612193285,470.80238620651903
1990-09-01,6.67,15.6010220933265,5503,4.22970861374183,3.47475540714418,3.974232218841569,3.700984022515577,-4.942570563182127,-243.93139871533762
1990-10-01,5.41,15.6020794501259,29020,4.2108480782964,3.45881730254846,3.9547980754216265,3.7551370006409432,-4.886959932735034,591.0605297591061
1990-11-01,5.87,15.6162767767541,35569,4.20361302501982,3.48466176068122,3.9147948645927113,3.6793508124278675,-4.8620579432664615,816.6790782083667
1990-12-01,6.27,15.6296254181702,25197,4.21106835636265,3.48054999738067,3.9040586185143247,3.5362357249855068,-4.877713239597068,428.87263479279346
1991-01-01,6.28,15.6351612757482,56289,4.21772753643446,3.47844497544258,3.9091929467989686,3.411363452194281,-4.881740753685154,1599.8574651650902
1991-02-01,8.02,15.6606715372297,35698,4.22184304994029,3.49220207227727,3.915128784524235,3.2238369268595655,-4.876112934435574,812.2869060827142
1991-03-01,7.24,15.6820088618617,12234,4.21920246248148,3.49375220386583,3.9201379620975536,3.21642546516165,-4.896420883316898,-73.67326079770237
1991-04-01,8.09,15.6903827030064,25859,4.21828918646824,3.48898652889843,3.907817149095904,3.235749199959649,-4.910004317257438,431.5946805174678
1991-05-01,8.43,15.6984332080203,-10152,4.21970971013246,3.51300193403093,3.875865183102719,3.2473673118750073,-4.915811662574783,-866.6485168629251
1991-06-01,8.29,15.722124811314,-18694,4.22573695060595,3.52547522528056,3.875110495077075,3.202443268935544,-4.935408747853785,-1192.1137063711158
1991-07-01,7.87,15.7359245870549,32507,4.23476689540025,3.52154339858338,3.8708665547150742,3.243597759019985,-4.94356913673158,662.3176876233191
1991-08-01,8.39,15.7489281518377,49037,4.23212705647446,3.55618134980458,3.87793381637269,3.2623681042617565,-4.943782987108415,3247.784135090002
1991-09-01,7.04,15.7649822726428,-14348,4.22202806249163,3.57826685043666,3.881940548532081,3.3052699074344765,-4.937204016010373,-1081.7283191575134
1991-10-01,4.91,15.7771823156774,25305,4.23695586124742,3.58826891158621,3.8781270343151086,3.3611273806203052,-4.939354092091292,354.3496350633005
1991-11-01,6.83,15.7921624189189,25743,4.25191547478913,3.59320069071679,3.872420822969612,3.3364772126086493,-4.943782987108415,371.3219528092799
1991-12-01,6.33,15.8078378379896,47112,4.24978475336667,3.59113666539945,3.863796239583854,3.220316823278348,-4.932385422775199,1163.6513408380822
1992-01-01,5.56,15.8323008100622,52232,4.25485174042297,3.59379571354761,3.8747017442972145,3.1659473528716235,-4.960183750600158,1461.325012936306
1992-02-01,6.89,15.8328694946247,26177,4.26069563517287,3.54243372848043,3.8813238369946315,3.1708256383482643,-4.982510130370407,512.0213540255045
1992-03-01,6.67,15.8489819728299,-10631,4.26437162995547,3.570128620205,3.8820619496459385,3.169157273329263,-4.98381208005238,-935.5527019799129
1992-04-01,6.68,15.8641682477045,12751,4.27250829492,3.57175610624261,3.875713196939108,3.228477562182651,-4.997617597014952,-119.80615987566017
1992-05-01,7.95,15.8863969085435,18925,4.2751388001167,3.58185978773582,3.878007864317711,3.270764343099069,-4.9996417526213905,94.94410600931872
1992-06-01,8.53,15.8934260768954,17212,4.27514158797086,3.57495511503511,3.8813544804869538,3.3223402357429594,-4.989479752023464,31.862053866341398
1992-07-01,7.02,15.9314279151227,13769,4.27036423028531,3.56914067173807,3.885725846625021,3.306687399322512,-4.96758860455389,270.66923218107456
1992-08-01,7.13,15.9430653029449,-365,4.26280874404764,3.58151465962065,3.881944482508308,3.295918215058216,-4.943854260405905,-464.3936983844816
1992-09-01,6.62,15.9526053572502,-11372,4.28282838184687,3.54924553794121,3.86883299284047,3.333907103874286,-4.963334020978243,-785.5015209594528
1992-10-01,6.07,15.9666274186528,10543,4.28904100653599,3.58778297269051,3.837313578239829,3.3330637386246855,-4.969118613893322,-141.64879941873102
1992-11-01,5.64,15.9739661701508,-57152,4.28247449341398,3.55986573236948,3.8357922425338575,3.273369346144424,-4.97307187354129,-2810.2449860478077
1992-12-01,7.04,15.9833200622047,-34580,4.28281280021791,3.59088429108493,3.842805671640278,3.2301389302054178,-4.965568190726948,-1889.4138453065598
1993-01-01,7.73,15.9980909193688,4492,4.29102139565779,3.44360445793404,3.8534978838581266,3.186627408232654,-4.983058526326021,-165.47704301335216
1993-02-01,6.92,16.0074753490344,-5492,4.29002439253001,3.75248054648139,3.8580598894876967,3.2097891320453025,-4.9643120844906115,-536.0066361368347
1993-03-01,7.01,16.01729690515,815,4.29643829220951,3.59404227331689,3.857689094006943,3.2480209033072485,-4.9459901006027245,-397.9578063283382
1993-04-01,7.18,16.024818265525,17231,4.29913105271641,3.595191221575,3.8628583313911693,3.253962126499127,-4.932313327320786,271.23889043038906
1993-05-01,6.91,16.0351265979171,7919,4.296019151885,3.59854438974904,3.8810400293788874,3.233476098448164,-4.923405711483329,-111.94957569974287
1993-06-01,6.08,16.0491347968273,-10096,4.31684728048675,3.58632112791243,3.870408827669118,3.1927305756659297,-4.928846618663249,-803.3942113161622
1993-07-01,5.91,16.0615160496399,-23384,4.30206526994435,3.62945991121244,3.9024492774458226,3.1455377866152463,-4.9037921984782065,-1216.7852355387317
1993-08-01,6.08,16.0754781578085,-2248,4.29559490422604,3.61852115808871,3.8963730083527053,3.163938484771163,-4.8777893807628265,-528.8522537263168
1993-09-01,5.08,16.0988708858247,10556,4.29077125131236,3.61903254986377,3.8866381209606544,3.137071030385078,-4.879539029377747,-12.020267399977172
1993-10-01,6,16.1018726850162,21229,4.30263933674707,3.61592881306427,3.880064082048754,3.1511345229748278,-4.891175854058928,275.14286456522575
1993-11-01,5.7,16.113636513753,-1152,4.31253398994982,3.59357894003354,3.8905537668549997,3.1030200310842053,-4.9028273414619505,-477.0591455201231
1993-12-01,5.65,16.1277294894678,10528,4.32680102786262,3.63034737056328,3.9149750346355425,3.035826592210921,-4.91976192374673,-76.84705769081029
1994-01-01,6.72,16.1421677516083,11670,4.3201608377581,3.64288605559623,3.924324554258186,3.0509039831057274,-4.928629549815393,22.039900325306633
1994-02-01,7.07,16.1556573930435,22658,4.32777840160451,3.6341625057103,3.9362099968107214,3.053657363330415,-4.925222638470323,427.0121514760092
1994-03-01,5.52,16.1686283845837,1329,4.32963653855086,3.64063778909776,3.936853174940252,3.009972774678998,-4.913169459202767,-367.5513763066509
1994-04-01,5.51,16.1833610066655,-896,4.3297008755172,3.66034066177369,3.9375455152937113,3.0739851485044936,-4.916397872014886,-405.41808923724255
1994-05-01,5.15,16.1964973329125,15768,4.34021051286099,3.64968674245886,3.973563524583397,3.128670920947212,-4.904014725645983,309.03110048970166
1994-06-01,5.49,16.2035325163847,19520,4.33655163377834,3.66858995625658,3.9987983174697788,3.172581617284041,-4.88514765405432,450.4874085636096
1994-07-01,6.47,16.2185719093564,11906,4.34132346675518,3.65790332746861,4.0369621594258485,3.2077918516201875,-4.880450675722129,-79.0879457323436
1994-08-01,8.4,16.2269508401276,13708,4.36384450243144,3.63978487987456,4.033244044044111,3.153362335713624,-4.9122871710784795,3396.5338768071147
1994-09-01,7.5,16.2361604457409,1982,4.35692230189023,3.67142803488264,4.061407040871947,3.1068030674653895,-4.913904105136484,-388.2690450440583
1994-10-01,6.85,16.251119832904,-7057,4.35389258720298,3.68782278708709,4.048343640442102,3.1223857434774067,-4.897167932507474,-762.8814482000668
1994-11-01,5.35,16.2590857225008,33037,4.3494820169671,3.70348983862296,4.0710985646889855,3.155167625774467,-4.8868844866600805,782.7318081588028
1994-12-01,5.58,16.2692557274648,-1270,4.35115985968533,3.70411661377487,4.0812509792848415,3.115957696969999,-4.8886183079078105,-546.1351323723418
1995-01-01,6.15,16.2879443625376,464,4.37147790074727,3.69660609717852,4.104881013432934,3.1532005913398233,-4.907124917726591,-470.1474392480104
1995-02-01,5.69,16.2835791893615,19353,4.36096392895225,3.75531255226959,4.098137333883077,3.181452289905597,-4.8916265075140535,258.9262040096647
1995-03-01,6.17,16.2940231694978,10405,4.36808994578476,3.7308966974962,4.091929686273291,3.1775968716666534,-4.865224091322398,-99.76397671480117
1995-04-01,6.55,16.3026827234593,7985,4.37439501157895,3.71540306156499,4.0911564013975275,3.236943742422396,-4.869225327808716,-89.9287436296625
1995-05-01,6,16.306180670192,14466,4.3742245759949,3.7342441522682,4.0772500343089835,3.2318882070667434,-4.869532453118255,95.96784680827562
1995-06-01,5.7,16.3160634652454,5052,4.38137320934228,3.72559825606985,4.078040202821134,3.18939198971471,-4.867149761087499,-266.0901934731156
1995-07-01,5.35,16.321021699968,-26099,4.37795178690105,3.72067316056429,4.0994387289605445,3.122886580767225,-4.850388291620612,-1495.3055006071063
1995-08-01,6.46,16.333901898622,-71421,4.38044227049732,3.71448944880804,4.090323540002314,3.1471436783508557,-4.846939201425466,-3066.8463145213054
1995-09-01,7.94,16.336840481959,-88607,4.37776723659271,3.72128412844739,4.072795829441939,3.167343098901294,-4.862599215268851,-3524.4197322700743
1995-10-01,6.51,16.3415006369888,18731,4.38253494639668,3.6951814863753,4.076192088463028,3.142199622391611,-4.873210618184584,169.47726874287332
1995-11-01,6.26,16.348161122539,-4688,4.38977185775502,3.69196330520018,4.0866127600831925,3.182354246391894,-4.870146420904234,-729.9575664935224
1995-12-01,6.04,16.3602979843129,-6229,4.39422440434212,3.69429155605156,4.078038182430771,3.26412830597253,-4.8706833336688105,-777.0501313338942
1996-01-01,5.71,16.3561255629564,21062,4.39419716087452,3.73536265919756,4.066939336123678,3.2729587159794056,-4.876646654092939,293.28728972701634
1996-02-01,6.1,16.3675689477544,-6019,4.39686823101168,3.72403092715681,4.080501824010682,3.339720262906776,-4.880982085869385,-690.8077182864804
1996-03-01,6.08,16.3731977802462,-190825,4.39850785750781,3.69483258573236,4.082197114592633,3.334787501264343,-4.875807823830614,-7455.163356799254
1996-04-01,5.93,16.3818391211651,73426,4.4037729543733,3.72148973293494,4.117479192090877,3.357614576033526,-4.897914424032137,2390.552301922042
1996-05-01,5.45,16.394695207498,13141,4.4044493708035,3.71946253128224,4.129980948763018,3.2893916012930973,-4.8889195354121595,127.80869200102455
1996-06-01,5.09,16.4091567166056,11311,4.40412284466425,3.74118928911473,4.091964939368214,3.279597210240034,-4.889446465305039,51.258626499594754
1996-07-01,5.04,16.4181316359216,-1538,4.39192805877191,3.73481232109086,4.073990920274981,3.3212590377984634,-4.876494191827054,-483.23947942949735
1996-08-01,5.45,16.4236256050393,10471,4.42940703801628,3.75114686007749,4.068437938957667,3.3331856856317716,-4.910225466497217,-52.71321239649649
1996-09-01,5.1,16.4334440486991,33994,4.41720188707515,3.74552657783519,4.043607191259006,3.391516001967033,-4.90852873782488,799.8869931921213
1996-10-01,4.93,16.4379495923985,16580,4.41871608953808,3.75050947866169,4.013058931258669,3.4630309201861444,-4.909045438334623,160.8025122280444
1996-11-01,5.05,16.4452877889467,25702,4.41956855217244,3.77571481376893,4.025671138451455,3.447121769157291,-4.9037921984782065,484.24824154186103
1996-12-01,5.15,16.448099474366,22373,4.41757233029983,3.79595177586031,4.024270707600187,3.5189810265742345,-4.90527477843843,363.95776239744305
1997-01-01,5.65,16.45394924244,56105,4.41367909455036,3.78640857986689,4.058912304306736,3.4849455024747074,-4.914638211761729,1573.623197749609
1997-02-01,6.66,16.4602556385449,22051,4.41606883593512,3.77331406694329,4.076172399353837,3.338213426519248,-4.943854260405905,350.5158967226334
1997-03-01,6.19,16.4679671372395,7425,4.41012607171422,3.80156590044855,4.101088621468051,3.278562407418737,-4.931519934080711,-177.67489280362753
1997-04-01,6.56,16.4710222593125,22236,4.41016826590164,3.78294051808742,4.08794710798473,3.2256160746713856,-4.937060513104193,432.32886042488184
1997-05-01,5.66,16.4787991596992,-847,4.41288617076328,3.80526832527407,4.096699534084281,3.296992053856698,-4.914050969580866,-453.7420963777406
1997-06-01,7.21,16.481526392704,7301,4.42263468583891,3.78428692973553,4.07036588149162,3.234061553358023,-4.917642427247091,-151.83400248512788
1997-07-01,7.11,16.4894740392405,443,4.42550852012229,3.80807121636747,4.041026861024964,3.2494194281439697,-4.921148127594719,-475.45282570845995
1997-08-01,8.11,16.4969492210366,-31871,4.42386307827174,3.81416642236245,4.033564973192773,3.2814278055901918,-4.906385272722456,-1547.1641433863524
1997-09-01,7.56,16.4985999967717,-70047,4.42471716519605,3.82065156903238,4.0142883961366795,3.2988881456226613,-4.914858338702487,-2819.5590225555347
1997-10-01,7.82,16.5095350396057,-111199,4.41412075256947,3.84238394371596,3.9940087259150467,3.3596059824632234,-4.864452783918174,-4009.9360939465296
1997-11-01,7.12,16.5190146632578,34622,4.41224700334839,3.83678985093131,3.988589510229312,3.317247899790309,-4.806967519282702,796.3999914399601
1997-12-01,6.67,16.5253964055575,25514,4.41898930180262,3.87155697896764,3.96728180188023,3.1958494781511284,-4.821571056434909,447.36067216430297
1998-01-01,7.31,16.5467037183107,-6488,4.43297385742279,3.73044802592274,3.943344484503165,3.086005299549076,-4.7962862904635415,-602.8538199653037
1998-02-01,7.22,16.5439657317387,28078,4.4180229157428,3.9587547036489,3.953757556912528,3.052169044075261,-4.809905337618946,441.77733959318033
1998-03-01,6.93,16.5466215758582,5080,4.43542055693379,3.83576624087239,3.9377351521284583,2.998047054698689,-4.829433110570218,-249.79327508789385
1998-04-01,6.8,16.5513771315322,-4661,4.43217531588699,3.83758896263161,3.9446114027548473,3.025818434083284,-4.817454993967425,-463.5515715628805
1998-05-01,6.88,16.5580120527473,14932,4.42961349696069,3.82134479252277,3.917722643729156,3.031897503389383,-4.804184965723707,169.48776741786827
1998-06-01,6.84,16.5599424760644,-27714,4.43779237821389,3.84248581577532,3.878504333736244,2.949768860408718,-4.802134019518916,-1053.8455779248643
1998-07-01,6.75,16.5682796439118,4065,4.43544678824353,3.83659811058007,3.867431921868102,2.9587963921378737,-4.800325700762133,-249.15836043168053
1998-08-01,6.67,16.5773661755332,-18433,4.42881216820544,3.84976358301526,3.846929417788173,2.9140789166250114,-4.7964514841535175,-884.6179578157469
1998-09-01,6.52,16.5906422318351,-21892,4.4295873158628,3.86842014259181,3.853442318451133,2.9990399729602477,-4.7730546949842765,-972.3865155011467
1998-10-01,6.06,16.5989708942102,46571,4.43859790654247,3.86038110080571,3.852260602190059,2.9575896309107645,-4.782060352784839,875.3325128968822
1998-11-01,5.4,16.6115905767523,86166,4.44876782176735,3.86344266092004,3.8627524437820813,2.890047669821681,-4.810801285551003,2119.797315515858
1998-12-01,4.95,16.6073066642101,48010,4.43867204577707,3.86231107577436,3.839983790274602,2.768321842532743,-4.792562199595151,976.8121428657277
1999-01-01,4.85,16.6086186856079,71015,4.43629289007877,3.88472436515936,3.8365224722490994,2.8415194226889535,-4.779375562179788,1917.1649961984222
1999-02-01,4.75,16.6225972049466,45313,4.43872247583366,3.88662753383346,3.801156245269954,2.7900233431274137,-4.798761335040277,1082.026209876258
1999-03-01,4.73,16.6282287176333,37197,4.43118997493203,3.89230318157804,3.782167888075698,2.936991158615735,-4.774490930604794,791.4165093694342
1999-04-01,4.72,16.6400568546801,74125,4.43158082209835,3.92079828701133,3.7819067282170185,3.099028414251685,-4.784069225980716,1859.75795423387
1999-05-01,4.7,16.6448188099149,34133,4.43419761079439,3.92339964818485,3.78518412008226,3.115141781117616,-4.7960384487505126,690.4591976830883
1999-06-01,4.74,16.6528914013774,76476,4.43056869935667,3.92166863514679,3.773886071666708,3.1341457872510117,-4.8077844460498085,1945.1220214115579
1999-07-01,4.84,16.6577236749739,-5432,4.42884725315916,3.93281396582022,3.767771260638749,3.2506585190309076,-4.8064770426931265,-576.8457987596628
1999-08-01,4.84,16.6617416523559,61924,4.44101737724771,3.9267011871522,3.787766712782555,3.3272787929786602,-4.807212667394247,1472.8805602659572
1999-09-01,4.84,16.6668272921638,32442,4.43615890045702,3.85643556722357,3.8119433796435356,3.4081731926236256,-4.7958731868099616,579.7508250921696
1999-10-01,4.82,16.6701510269012,35484,4.44141905917712,3.93894201531633,3.8077306947083183,3.393627811822821,-4.794301834710595,645.6383986928281
1999-11-01,4.83,16.675589431435,55470,4.43811920360046,3.9591954254014,3.8083522606611004,3.4556757403593554,-4.795459912431222,1255.8865138640626
1999-12-01,4.73,16.6866410131607,89020,4.43921043126033,3.96409111619587,3.815582256085121,3.489636347612472,-4.7900717450454335,2289.34674446389
2000-01-01,4.61,16.6961165454374,153042,4.44044903688305,3.98100132922046,3.8376730222560544,3.510081341815136,-4.816403086276466,4229.796369891345
2000-02-01,4.61,16.6964604201848,121704,4.44871134381041,3.93964278776651,3.840094203546272,3.5794020053467093,-4.851483239328943,3327.8800522984125
2000-03-01,4.64,16.7090738286074,-16780,4.44275160453976,3.98136561945444,3.826486911169847,3.5936597786504976,-4.827193109633598,-1101.3195353762842
2000-04-01,4.65,16.7120182567891,56172,4.44348213913635,3.97296034632637,3.8171649362557476,3.480618154576145,-4.842532174539857,1345.4842295613298
2000-05-01,4.77,16.7114924451413,-33202,4.44922138410279,3.98674623094656,3.819496798445573,3.614286733579031,-4.859192056947237,-1608.536874836451
2000-06-01,4.8,16.713175865365,4669,4.44535181118443,4.01353642906357,3.805560796497851,3.7058797497587896,-4.838105639764771,-401.23547592118223
2000-07-01,4.79,16.7167128089807,14832,4.44450416620975,4.00643266409537,3.7966020706957964,3.6613854359619684,-4.83397766692674,-119.77728078241478
2000-08-01,4.75,16.7225649640327,4989,4.44370913996669,3.99423007889248,3.7936373133319408,3.7059877775722745,-4.839055833834204,-446.88774080793166
2000-09-01,4.8,16.7263990395642,-34830,4.45306462815794,4.0350400577979,3.801105978337383,3.7987478952944675,-4.8523427151016625,-1703.1047231029002
2000-10-01,4.76,16.7329722609449,-48335,4.45065399834269,4.00491494118592,3.7861687379032785,3.7845554450829955,-4.841822087327094,-2145.918447521699
2000-11-01,4.74,16.741595249569,-37781,4.46004996230875,3.9824650795606,3.773787388774338,3.8232543227480207,-4.836281906951478,-1760.5516932193057
2000-12-01,4.72,16.7494812428067,-115403,4.45498541656359,3.99546172811434,3.793757364874656,3.755708427678323,-4.803365091938336,-4049.637191789008
2001-01-01,4.66,16.7548625568114,56520,4.46248416988551,3.84136168495128,3.797617327574609,3.754389728213628,-4.824064723012886,1141.1903270503094
2001-02-01,4.52,16.7557870143303,79513,4.44013487071775,4.08600150472522,3.7844724910873,3.7067280243055234,-4.817454993967425,1876.4208887957893
2001-03-01,4.36,16.7598626468407,48107,4.44724762977501,3.95806974578826,3.7694415915914745,3.6310555888188314,-4.8235825629264,897.0177404022144
2001-04-01,4.23,16.7589823550029,24181,4.44686434966642,3.89786147671619,3.756230545259868,3.6505506192465953,-4.830072190317164,222.49414244835077
2001-05-01,4.04,16.7666643187605,-6832,4.44640824872942,3.89931310769024,3.765712797695792,3.667258979263708,-4.814133673728467,-729.3960064661571
2001-06-01,3.9,16.7760975404665,-38576,4.44514133311503,3.88155931874614,3.752732823176384,3.6339094108706185,-4.788740962182478,-1648.0426910543538
2001-07-01,3.69,16.7801989339312,7506,4.44507238924669,3.86796168646458,3.7723908592720052,3.5396394305795282,-4.778114580969449,-276.1497266050799
2001-08-01,3.51,16.783979569303,61340,4.44811091793444,3.89972969562942,3.762966021216089,3.565277654051016,-4.768563732896527,1277.1307961760917
2001-09-01,3.17,16.7883781954682,73869,4.44815226558028,3.86891603014508,3.7338370978767985,3.514506644633606,-4.764820003517629,1639.360553574853
2001-10-01,2.73,16.7880341781105,44217,4.45968676331991,3.90153540195784,3.689082755873403,3.368997687255942,-4.791151703613533,831.187396898062
2001-11-01,2.49,16.7883234727055,193905,4.44899455907988,3.89479065716482,3.7165589674867148,3.2793215715883073,-4.789323397611016,5237.159948254427
2001-12-01,2.39,16.7917906040661,38102,4.43786999511754,3.89724304689548,3.7241349651089597,3.2698635942614116,-4.778366904449487,629.3980590969206
2002-01-01,2.3,16.789582687431,75149,4.44482809901275,3.93149529174189,3.734984935123454,3.280889638993752,-4.787658395561367,1578.4305260825568
2002-02-01,2.28,16.7982615902589,45050,4.45626534350955,3.9291594949683,3.7366571221968217,3.316695558661066,-4.803283067577055,710.6424414848825
2002-03-01,2.27,16.801982312283,97335,4.44766155362916,3.96872755402396,3.7568266241542325,3.477493015587785,-4.7764307954226215,2191.8049615554573
2002-04-01,2.27,16.8035163157512,134241,4.44857751850559,3.99384078960556,3.753356348947069,3.5464513953817773,-4.781222129768451,3229.777724297647
2002-05-01,2.22,16.8054625264545,207731,4.44360530202691,3.99917590538923,3.760458389524427,3.5564963518474175,-4.76490524410925,5302.482183519922
2002-06-01,2.07,16.8100490702972,232316,4.44694649176077,3.9932684225206,3.7910835391238686,3.5075506835226404,-4.761746493030188,6073.8279425678
2002-07-01,1.94,16.8065359227566,231487,4.44769896071163,4.00043804123017,3.8120617740334035,3.5376948931345815,-4.755484946646959,6873.049468695723
2002-08-01,1.96,16.8101864925431,31005,4.44408147453159,4.00478145823705,3.814468538898073,3.5722608625553653,-4.742930125692577,10238.497703080071
2002-09-01,1.95,16.8097351011104,11024,4.43970073672141,4.00676430243502,3.839155023987991,3.634956073228127,-4.7283607965432894,-425.71795451729486
2002-10-01,1.93,16.8127807019713,17442,4.44194365794592,3.99665542045736,3.842062536209978,3.6377400539653837,-4.732683506287051,-207.94633463743997
2002-11-01,1.79,16.818543331386,44144,4.44527611118335,4.00734314704969,3.8418459001277077,3.547899270454203,-4.725970886133796,557.9787217156185
2002-12-01,1.61,16.8170397710931,17583,4.44625464785823,4.01440901294747,3.858143160836764,3.669814879677277,-4.71330684459267,-211.74824715429315
2003-01-01,1.3,16.8273313100178,70267,4.45505775790259,4.03681078899678,3.8695479773686614,3.7689751868364,-4.7063720664970585,1129.9644779397204
2003-02-01,1.26,16.8219757004695,53833,4.44354249832499,4.0436244201499,3.8782842075927078,3.8870267323680374,-4.684905154006945,639.8854071330683
2003-03-01,1.2,16.8203456413631,80154,4.44604606134009,4.02850192147078,3.8661870305807513,3.776762264974029,-4.678978113132811,1389.4720778682172
2003-04-01,1.19,16.8251982192713,29255,4.44740619339969,4.02938810696791,3.8486924408403915,3.6317484241448508,-4.6888677450096585,82.52893757655977
2003-05-01,1.18,16.8351016920911,66925,4.4468496023418,4.02896252627041,3.8531028085198327,3.6644912316974043,-4.665041583025482,1155.4659978224045
2003-06-01,1.16,16.8346127807696,105521,4.44091259810845,4.04154817803276,3.850657393325161,3.7129996317220835,-4.663061664403869,2258.012921322189
2003-07-01,1.03,16.8454533402179,206778,4.43489669186475,4.07648823260611,3.8475843112185792,3.706233020235044,-4.672454932793688,5098.5729043402425
2003-08-01,1.02,16.8544144442913,179059,4.43687514584265,4.08269657858759,3.8632416459056103,3.733481833806653,-4.681668156960816,4326.65470431191
2003-09-01,1.02,16.8597492074452,73449,4.43726659529439,4.09394238577257,3.8815107632547767,3.6488212171865806,-4.678141798443914,1348.6966224402345
2003-10-01,1.02,16.8667410256325,196183,4.4410768845002,4.11130369055237,3.933893843783775,3.7068762241427273,-4.6625896768555775,5234.137492254442
2003-11-01,1.02,16.8699913819172,166915,4.44273743709241,4.12773665411071,3.9622547148935063,3.709461532782332,-4.654626794700683,4292.010958398973
2003-12-01,1.03,16.8727070789484,47582,4.44625757280224,4.17828619708232,3.975502723111849,3.7855411207904024,-4.637637376125593,654.1666569204673
2004-01-01,1.01,16.8849898849352,313836,4.45520257984291,4.05582420606834,4.013741331905996,3.8207758602323,-4.642754946315362,8087.175165920887
2004-02-01,0.98,16.890688464961,324807,4.45132740869725,4.25285330901808,4.04539470116584,3.8037230854365225,-4.6434288981051814,8529.479024655668
2004-03-01,0.99,16.8995270246649,91272,4.45544540608647,4.16211331788111,4.07156243042159,3.8652595380831523,-4.649952328759984,1688.20054121256
2004-04-01,0.97,16.9062674251005,73101,4.45740269440335,4.16173921808573,4.067222610414716,3.8798964714247384,-4.669646205172456,1785.337033572141
2004-05-01,0.97,16.908367462037,5326,4.45584837609275,4.1746041280293,4.037275917061179,3.9798768751047984,-4.667205576907544,-550.6101112342537
2004-06-01,1.02,16.9107169807909,40858,4.45748906893367,4.16851092798209,4.032374161940459,3.940742603317502,-4.6523399904644815,653.1561893671584
2004-07-01,1.02,16.9185044949725,11345,4.46600316833277,4.15973396081602,4.0289840543051385,3.984309364717238,-4.65386510752685,-1165.105581641872
2004-08-01,1.05,16.9216278443356,38516,4.46045690458694,4.15098778616853,4.017990331973467,4.051327093154949,-4.64688777933996,-1802.6186990792394
2004-09-01,1.08,16.9255030064075,13282,4.46436586098447,4.16061300678951,4.020824530043098,4.034056607411653,-4.653484046266642,-1214.5552028833697
2004-10-01,1.14,16.9326409242703,10973,4.46422796957365,4.16455614417425,4.026895035400842,4.160306391071899,-4.644487048365042,-648.8829158805156
2004-11-01,1.14,16.9361444283466,88510,4.45905518712237,4.17432784625637,4.031997270944849,4.068320349313943,-4.6363781131122845,915.8662549275258
2004-12-01,1.15,16.9425567651111,42549,4.46310737788734,4.1683706824986,4.035612505888357,4.022067281850738,-4.642176911617187,3.58586998561384
2005-01-01,1.2,16.9419296471987,112822,4.46036551078437,4.20663231965053,4.060859346240499,4.089619013499103,-4.651672019639511,2720.5913184457704
2005-02-01,1.2,16.9494096397553,111930,4.47089943798134,4.15498482104939,4.0909138853719575,4.119985494006485,-4.673669602412784,2703.5887232676023
2005-03-01,1.22,16.9532428116989,169030,4.47925091075471,4.18221225200081,4.136921449952084,4.237764837944742,-4.678885223810372,4591.354159709927
2005-04-01,1.27,16.9579764551166,48736,4.47503148219175,4.18587463359958,4.117367720221381,4.239396895589635,-4.679535267943399,835.6494274322539
2005-05-01,1.27,16.9620911924994,99959,4.47860613385636,4.1748353350626,4.103919075439025,4.181818744803973,-4.69391339582248,2484.0509133738833
2005-06-01,1.27,16.9760683575564,53247,4.48017847591336,4.18418538461109,4.104298936235422,4.289110797732846,-4.713037556857098,982.353728886212
2005-07-01,1.32,16.9820292408484,-9878,4.48846904200905,4.15989753495382,4.103306505773526,4.336086544461434,-4.720728526622364,-887.903481511237
2005-08-01,1.32,16.9826484257794,-21234,4.49467634627251,4.19445510658701,4.105935627959771,4.441951620356122,-4.70817793606232,-919.7335975589881
2005-09-01,1.37,16.9885492599508,10019,4.49552882950803,4.21250639634146,4.112684734707752,4.486511616584282,-4.681112189563248,-277.06215267209177
2005-10-01,1.39,16.9897984447889,-68369,4.49076591937538,4.22101535263494,4.130534638021238,4.456012169382593,-4.679906532102109,-2874.4169402667194
2005-11-01,1.39,16.998573983041,47381,4.48342772671688,4.22746063195999,4.139676280788467,4.364777031888474,-4.679349584162343,589.5227807289483
2005-12-01,1.41,17.006902878839,39428,4.48552390153389,4.24862911823961,4.176809614304919,4.422026299912637,-4.680370418551027,349.1314519757027
2006-01-01,1.45,17.0146800142591,73948,4.4876218617313,4.22795882575401,4.214622207617256,4.439598936615141,-4.6982961639775755,1394.1226024254106
2006-02-01,1.45,17.0123529323572,40847,4.4801165997812,4.29118179115969,4.245484599922402,4.388335730196241,-4.688039663810386,390.39663373251165
2006-03-01,1.45,17.0126545867572,-44250,4.48461145321309,4.24813151547883,4.24041844818417,4.396314695863782,-4.675069313367759,-2247.1992573957887
2006-04-01,1.52,17.0232574362597,4512,4.48858371565714,4.2440208383331,4.292878351209719,4.491095266358706,-4.680370418551027,-620.8089022204435
2006-05-01,1.52,17.0295127071021,11467,4.49451955268067,4.23096168906984,4.368272155842296,4.486484486540143,-4.675721841939036,-329.444619683492
2006-06-01,1.53,17.0315628513235,-9421,4.49701409902242,4.22896321537059,4.315807801788392,4.481840385068346,-4.671613142536805,-1011.8446831561222
2006-07-01,1.59,17.0316915294755,-13733,4.4963635396494,4.22038564911288,4.345166851680916,4.533364802480487,-4.669364898030088,-1347.9356685808702
2006-08-01,1.59,17.0388447874137,4348,4.48829308607792,4.23961764943361,4.349189465218493,4.53658157671215,-4.653007515402251,-809.4973772581127
2006-09-01,1.6,17.0454557648459,42904,4.48254156761951,4.24640338819401,4.34281096910773,4.3831964512212185,-4.648708488002574,431.7709432843394
2006-10-01,1.66,17.0462530170259,940,4.47762610688073,4.22612263181774,4.371567672401455,4.343198821557873,-4.6480380862152675,-824.259962238249
2006-11-01,1.66,17.0544864330614,34761,4.48447705727358,4.24582960492162,4.389131172520811,4.372675314479115,-4.648899948849417,261.27485613516535
2006-12-01,1.66,17.0572171888151,32987,4.49296373942808,4.24571467866876,4.4023664142150745,4.398291599908887,-4.650047944766177,220.5604042808077
2007-01-01,1.69,17.0569797876667,25063,4.49188274830509,4.28218077400895,4.390050171040387,4.293267402830485,-4.6557682387511825,212.30675463553928
2007-02-01,1.69,17.0695357572451,32750,4.49653166092845,4.24247731286514,4.4149813284845925,4.374423923427149,-4.650812543866793,449.7383700046412
2007-03-01,1.7,17.067858757792,-46715,4.49398928095077,4.27846189470581,4.438521487890296,4.4012189746195896,-4.621437158451964,-1963.1227169938052
2007-04-01,1.73,17.071288966389,-83595,4.49642252022498,4.27789362784984,4.477057941410176,4.46348254631422,-4.620255823406132,-2902.8753323820933
2007-05-01,2.13,17.0730794023366,7968,4.4946110776136,4.29874181616832,4.496569766747352,4.465029051461824,-4.6194674906889155,-262.82284001559856
2007-06-01,2.5,17.0761365124396,7699,4.49794572276997,4.29825845499163,4.492889477773495,4.50028657209379,-4.640151154883337,-271.46120018596275
2007-07-01,2.01,17.0761940088998,-47991,4.49312506877703,4.32214242189568,4.5065344842031205,4.551233783885016,-4.631714741210204,-2128.76703098676
2007-08-01,2.01,17.0785530147044,-160676,4.5043130632648,4.32220142023863,4.489670223107258,4.513422855931129,-4.6313251434649425,-5518.898358821992
2007-09-01,2.02,17.0774605433714,-47703,4.51398459120241,4.32947417280482,4.527247682357363,4.587943571039667,-4.626246511590008,-2077.2972469162387
2007-10-01,2.04,17.0774782042036,68337,4.52964760413505,4.37267676695214,4.56673839177661,4.658042946045773,-4.648708488002574,1568.838780053285
2007-11-01,2.04,17.0740510839654,85459,4.53002052136511,4.38468466645468,4.5783437095509525,4.758432384799775,-4.626344421219498,2124.6813988778276
2007-12-01,2.05,17.0655766297396,12633,4.5259438762458,4.3873374398964,4.574909680195665,4.744476464645305,-4.618974466964488,-197.91202490199055
2008-01-01,2.09,17.0781340849404,64842,4.52147287902291,4.40384627051,4.622555767060284,4.770871070210873,-4.600358628990869,907.1935537735008
2008-02-01,2.08,17.0832750884063,140824,4.53291779566041,4.36886874599322,4.69760977028434,4.817306702744673,-4.629374874684909,3048.815982938635
2008-03-01,2.08,17.0890427135831,190015,4.53241066413342,4.39034198147022,4.760544555152022,4.892482271147239,-4.61690110886379,4635.496527803751
2008-04-01,2.11,17.0935613197348,115304,4.534443068135,4.37520507472199,4.783315381732523,4.959237995952088,-4.6349231441374394,3053.9205343522954
2008-05-01,2.1,17.0968198202989,27624,4.53127881771376,4.36585007025068,4.784558613091514,5.07116233748076,-4.632493481636982,206.91827785959106
2008-06-01,2.11,17.0908817867481,-920,4.54644039521462,4.3482368420363,4.794913077915824,5.148485428176951,-4.660321030452939,-719.3650666430374
2008-07-01,2.17,17.0967891005509,10783,4.5508391158735,4.32986348065852,4.795448475008755,5.155787626307071,-4.655482999861681,-302.80038854874476
2008-08-01,2.16,17.1013847754815,-151003,4.55096944063306,4.36178052844941,4.727846156465791,5.00590560096217,-4.658521361485086,-4123.262147645503
2008-09-01,2.09,17.108849501995,6762,4.54514805544827,4.32472359372134,4.66034502043726,4.885886443039695,-4.642369626977198,-451.6020423574461
2008-10-01,1.93,17.1223200255687,162614,4.55358260163708,4.23697856373111,4.479150895809565,4.614347455685043,-4.661739537475985,4748.187065404784
2008-11-01,1.41,17.1289625175595,63521,4.54801013525175,4.08535536455675,4.365151743299273,4.382226640017915,-4.657857508267098,1511.6345206586084
2008-12-01,0.87,17.1356384272789,183766,4.53848461143556,3.9964714458474,4.301910528895603,4.165973503867039,-4.612245099660053,5240.255475641109
2009-01-01,0.23,17.1426862624848,202719,4.53607274223547,3.84667822266899,4.349818897484344,4.1829140978875,-4.604469940873698,5712.247618095279
2009-02-01,0.14,17.1482945372629,63851,4.5183089003396,4.08671383532992,4.341726367716958,4.105135273582862,-4.584559232083967,1094.0165602984325
2009-03-01,0.14,17.1574823315118,136134,4.53054939262791,4.07750586841921,4.3396990311904355,4.162317428490729,-4.595523808936286,3252.19251422851
2009-04-01,0.13,17.1624682313608,160817,4.52971143082462,4.14122452808203,4.371419063003484,4.194421052485367,-4.6063694665635735,3451.3567032955675
2009-05-01,0.1,17.1729839618388,161917,4.53079293412099,4.17395480096948,4.417073553280841,4.3165786459949,-4.607766811835357,3558.321266532675
2009-06-01,0.1,17.1743482781125,107900,4.52636999877891,4.23422079929856,4.434480346311779,4.464967720816681,-4.599856091164322,2100.052706728566
2009-07-01,0.1,17.1781364737766,118800,4.52743642806091,4.24943315583856,4.415004942821564,4.395255010459947,-4.591780948869075,2249.183847120007
2009-08-01,0.1,17.1792597972664,98369,4.54351873309467,4.28305731843169,4.4815421162083755,4.480521518311058,-4.6017643928532586,1663.2582836928286
2009-09-01,0.1,17.183557973505,202186,4.53681111264038,4.34365832546839,4.456230081917829,4.436167850741037,-4.585273554273635,4547.069106329869
2009-10-01,0.1,17.1875882893345,221026,4.53488668659214,4.34802684213108,4.478429454014158,4.526416481239864,-4.583946549536464,5671.367567830845
2009-11-01,0.1,17.1898054263299,166010,4.53139538658645,4.38609608636066,4.511808200210647,4.566220651718303,-4.568194949863196,3892.40626565397
2009-12-01,0.11,17.1919546675103,187759,4.53586133418824,4.41922071132831,4.538466512570912,4.562927316317928,-4.572853584511548,4597.187566437592
2010-01-01,0.11,17.1904757882321,177132,4.53861283613713,4.4144985934287,4.56666171605773,4.604320490428832,-4.591983624183916,3982.303456640588
2010-02-01,0.1,17.1950179520518,146278,4.54022503895279,4.44047710685782,4.532614450274477,4.571405583107809,-4.598447640227264,3072.3212960734268
2010-03-01,0.13,17.1959934124963,132759,4.54213053259091,4.43754025719192,4.548928209467849,4.607518672525622,-4.591375474965902,2655.3631510226005
2010-04-01,0.16,17.2007504541119,138315,4.54268814025625,4.45175715720713,4.585171039864715,4.650888349947208,-4.615912282519994,3046.3203897470817
2010-05-01,0.17,17.2056388594766,286396,4.53856222000776,4.45753662208363,4.53791932464804,4.560292870921951,-4.6194674906889155,7585.871754759286
2010-06-01,0.18,17.2120609111509,85803,4.53837603975718,4.46382034203463,4.512322908891501,4.559901855430596,-4.618678536012884,1424.0374349550543
2010-07-01,0.2,17.2176400694738,51340,4.54098957519945,4.47679054868965,4.5384041126507,4.557127808704461,-4.602767301371781,352.47867208165167
2010-08-01,0.2,17.2245829683735,149949,4.53938687350699,4.47845432783444,4.595538275178375,4.565800197652819,-4.593502381120409,3451.8321379676754
2010-09-01,0.21,17.229081654747,52375,4.53959805885809,4.46556387690181,4.63397503041558,4.564965550166462,-4.587413464398832,360.5370056615566
2010-10-01,0.23,17.2354476887537,34418,4.54152898846452,4.48152907652992,4.688661079221818,4.62073766413134,-4.590056548178043,43.82758868605515
2010-11-01,0.23,17.2400875005922,25382,4.5475245737223,4.54404410644719,4.7192192873671,4.6592495309733355,-4.617098756853365,-247.8832149263867
2010-12-01,0.24,17.2455825486127,42402,4.54780058503143,4.55487570843722,4.764755942256978,4.724485463275014,-4.6338548198480005,331.6011274631203
2011-01-01,0.26,17.2535642207679,89484,4.54894970920215,4.5599162720067,4.810345754510448,4.762555267846571,-4.648516990491458,1767.4835024015792
2011-02-01,0.26,17.2528628007208,46881,4.55291373451249,4.54547709866275,4.852870400326892,4.802429230859305,-4.639958011473755,326.68255570046426
2011-03-01,0.27,17.254601242553,-6794,4.55503506225517,4.54472605935536,4.819993949055442,4.891006514607133,-4.607866547535834,-1592.1469065680815
2011-04-01,0.3,17.26268670122,51764,4.55523852224399,4.51682233744231,4.835079016038059,4.955429128843621,-4.6210435351443815,709.8410122166385
2011-05-01,0.32,17.2621613326153,64929,4.55516049892985,4.51618518007764,4.800852805716218,4.89139690832579,-4.622420539394619,1204.5243334066936
2011-06-01,0.34,17.2696354814391,21088,4.55743007284466,4.49222366125659,4.8033588641853395,4.876466759634069,-4.622617099591812,-366.7684399362448
2011-07-01,0.38,17.2777284849701,31039,4.55410488625929,4.49567608239616,4.8140635307999275,4.895850113049515,-4.6134359304051245,-147.8095635127754
2011-08-01,0.39,17.2793088534489,-27876,4.55319404002366,4.47997596167681,4.8028786584030145,4.830044138606613,-4.598145571051127,-2200.9398861400446
2011-09-01,0.39,17.2841703250883,-118009,4.55323903150628,4.46125623855439,4.778271213360056,4.832404928311115,-4.591983624183916,-5052.380369776572
2011-10-01,0.4,17.2871307649365,1465,4.55508312790596,4.49000151128733,4.715045916799417,4.821651494052721,-4.584150818764016,-801.0208001088583
2011-11-01,0.4,17.2904316389619,-27488,4.55914185870212,4.4537024457468,4.687521732560509,4.862884398184892,-4.591071261608589,-990.4685405267218
2011-12-01,0.4,17.293656687743,3318,4.56723547574715,4.44668345779388,4.666405643076223,4.852179053850753,-4.600760477499391,-681.5492246569023
2012-01-01,0.4,17.3038438496717,80203,4.57168242767994,4.37486244286803,4.689123846612162,4.872405204335547,-4.609560534289384,1520.4000451459935
2012-02-01,0.4,17.3014772362802,56538,4.55534005005472,4.56044421504027,4.712611212605251,4.914404825217775,-4.602867536925416,764.1309908442352
2012-03-01,0.4,17.3050796938904,15172,4.56654079056211,4.52724989775259,4.7173188681219225,4.9504495318523265,-4.6137334166485795,-647.0725545872423
2012-04-01,0.48,17.3059761474047,49175,4.56914163850513,4.5133933415132,4.716781820908276,4.913516137775724,-4.620551288026394,570.6997774069084
2012-05-01,0.51,17.3078474358103,33531,4.5726159215388,4.50266871458493,4.695796599279736,4.838474142791369,-4.631130287657623,35.36119744736243
2012-06-01,0.51,17.3104744907163,6514,4.57464037683372,4.47094249202483,4.664118701921102,4.714292500326736,-4.630740462099621,-901.5316658569409
2012-07-01,0.45,17.3106892395201,42695,4.57888472309586,4.49985728352879,4.698978924643638,4.775336019397764,-4.633563260489309,119.58013492562372
2012-08-01,0.39,17.3201871911687,46461,4.58710882489901,4.50764730665537,4.693724153699456,4.849323476256153,-4.6338548198480005,242.83248558651098
2012-09-01,0.39,17.3201231908462,19266,4.58207712888909,4.52704555587832,4.711084295983876,4.856136260176399,-4.628496011291588,-692.4524638206591
2012-10-01,0.39,17.3194605962217,39666,4.57873703393898,4.51560458344416,4.691727713565941,4.8353333701242995,-4.635602393108293,264.1959676020672
2012-11-01,0.39,17.3250616021104,44181,4.57593878099525,4.52221503500989,4.673946694856021,4.8208913704598535,-4.6430438384161725,419.5960808818138
2012-12-01,0.39,17.3285902656769,20427,4.58304249963386,4.50237657834678,4.685459701431251,4.8216917037013225,-4.648612743830928,-398.11611088109487
2013-01-01,0.39,17.3327291057834,42728,4.58240036841313,4.53779043760127,4.686599823537451,4.855233157001056,-4.660699495780571,490.71383901203865
2013-02-01,0.39,17.338367699075,41433,4.58489941627613,4.51360199702613,4.684202964153204,4.876876618836946,-4.658805735154001,415.4413301436982
2013-03-01,0.39,17.3431185103738,-23339,4.57896524360746,4.52579953501902,4.6556729812402455,4.83804608030159,-4.652244593374021,-1776.3769274121878
2013-04-01,0.39,17.3457340522839,42883,4.57938846190298,4.52588369788543,4.625545423270269,4.813213148573326,-4.66362775555966,617.2545066884263
2013-05-01,0.39,17.352778924661,71469,4.58027019297517,4.52800601143139,4.62248317743319,4.813879298179259,-4.676280813446044,1615.6248922392945
2013-06-01,0.39,17.3616099746651,-2389,4.58064503810005,4.53031793549456,4.610238629385261,4.811661191047246,-4.66617120754549,-945.957042429324
2013-07-01,0.39,17.3668138977359,38319,4.57970767956798,4.54533041830851,4.594059655197827,4.852944324334239,-4.673389424965236,203.24361380273513
2013-08-01,0.39,17.371602461715,11162,4.57920722080484,4.54658037840265,4.591832723992028,4.874632251348219,-4.662400819442363,-745.22529107876
2013-09-01,0.39,17.37540181559,25739,4.59033954769414,4.53830956300287,4.585177716216575,4.8797767906703955,-4.681297546375642,-236.42942624925115
2013-10-01,0.39,17.3808725550739,50349,4.58498135212115,4.53262683472418,4.588443551034903,4.854255596238841,-4.675162557808126,776.1598682733999
2013-11-01,0.39,17.3835292957813,20078,4.58302701235236,4.54183517779502,4.579601760962435,4.831357919835812,-4.672361435528415,-290.41778295486904
2013-12-01,0.39,17.3855616787532,5507,4.58647844096163,4.56341641646413,4.5839910640725225,4.863544179363705,-4.669271111394615,-807.7678070802746
2014-01-01,0.39,17.3918241080268,36569,4.59031495291788,4.51448973552361,4.575329314203468,4.839300936355266,-4.665794807804526,265.09126629277216
2014-02-01,0.39,17.395118466713,19071,4.58508706097427,4.58537634074425,4.584013660119545,4.871941450990917,-4.648421227982406,-364.45714912331243
2014-03-01,0.39,17.4008811044325,18923,4.59398825496428,4.55728789086299,4.6046249247503255,4.851490422240738,-4.6398614257780215,-371.76644104982563
2014-04-01,0.39,17.4053251568741,50384,4.59573234834254,4.57235986033658,4.604842238822442,4.855243570819674,-4.64314011723972,823.5962524460148
2014-05-01,0.39,17.4106380933264,41163,4.59658536463453,4.58800023895188,4.6004262593779846,4.8595000357123315,-4.641694960670463,515.1349268772011
2014-06-01,0.39,17.413785880314,36090,4.5969820002916,4.59534608881618,4.585543177082498,4.878828230778881,-4.653293461169819,348.6699106274614
2014-07-01,0.39,17.4211889096897,55860,4.59747156293,4.6064974398517,4.5846930829378465,4.843607016791377,-4.6549122778829055,740.8297987274725
2014-08-01,0.39,17.4266304697509,29089,4.59988640755631,4.62356360090067,4.5734655066654,4.797474685453954,-4.666359354300514,-203.1060396562225
2014-09-01,0.39,17.4245483647133,34392,4.59742788814725,4.62712729603239,4.542890730845575,4.758929069271141,-4.680277658474897,-13.273096329734017
2014-10-01,0.39,17.4284668481487,38860,4.59516719602838,4.62712332671815,4.531382319630986,4.665299127495629,-4.684166192214589,411.00222759335634
2014-11-01,0.39,17.4386976426621,36125,4.59164752501693,4.63102242179958,4.531042254749844,4.568324662704983,-4.695924549256556,312.41025493302004
2014-12-01,0.39,17.445565547045,-26051,4.59264786866022,4.6292334318539,4.50638237670297,4.363772336227122,-4.686381441412914,-1732.6302403627321
2015-01-01,0.39,17.4477333475778,56585,4.58091071293887,4.63326191412458,4.4737364755191615,4.144761046357347,-4.681112189563248,977.0435387321386
2015-02-01,0.39,17.4619590583205,42710,4.58324185847749,4.61722091257386,4.455948726258715,4.260840208301836,-4.694919478131699,496.9603363199917
2015-03-01,0.39,17.4637382294241,7098,4.58707628937765,4.62568926938282,4.436785809207186,4.225670112615021,-4.708268143991659,-786.4339511736607
2015-04-01,0.39,17.4698462837038,34130,4.58719693168268,4.61231615329334,4.433030808702896,4.274687088259921,-4.71965891247279,202.9252065291539
2015-05-01,0.39,17.4772686221504,60890,4.58969258693012,4.59749556291892,4.441134270832895,4.351263138978064,-4.725527682651825,1094.1515077297988
2015-06-01,0.39,17.4749067662958,33375,4.59174595754843,4.59559227203543,4.425452146416473,4.331752192672348,-4.730656806029507,187.9224962415417
2015-07-01,0.39,17.4782372386273,74033,4.59102363166966,4.58032693721338,4.410533114165441,4.230963400143273,-4.731979032851787,1178.1393394610884
2015-08-01,0.37,17.4851077123196,55422,4.59559004165214,4.5562419931078,4.367087491664796,4.081764349403959,-4.710070595813461,557.2321607017097
2015-09-01,0.32,17.4902710804604,55179,4.60068963338357,4.55264370403879,4.356164423212754,4.088656287994883,-4.697293474863897,483.4331841428118
2015-10-01,0.3,17.4937586409197,46566,4.59830740610606,4.56726671575868,4.356996078485584,4.088457892655288,-4.698842661850726,591.6682429093203
2015-11-01,0.3,17.4964577603685,-12455,4.59670270195105,4.53702310716939,4.3305860810122585,4.004197935903404,-4.7059200890882344,-1312.802766156712
2015-12-01,0.28,17.5021598522204,3225,4.59398514354297,4.54573047746241,4.323710735396903,3.8580931782767807,-4.69125613490122,-862.3179865398249
2016-01-01,0.23,17.5046583794935,28755,4.58926470569001,4.54623800675438,4.3044329642101,3.6891528359277426,-4.672174414768565,NA
2016-02-01,0.2,17.5084659613333,52960,4.60684081978084,4.50366001067495,4.312109042738717,3.7082861532967937,-4.682594082952895,NA
2016-03-01,0.2,17.5102571522218,39906,4.60626024593329,4.56444872050427,4.343644948392732,3.854444636274349,-4.6797209172523875,NA
2016-04-01,0.2,17.5143919654625,26169,4.60531160714653,4.57644666404313,4.3672313864527235,3.9320043041979176,-4.6714259817651564,NA
2016-05-01,0.2,17.5148945218933,51178,4.6019455947217,4.60306916396912,4.381455771375597,4.038722377200382,-4.663439094112067,NA
2016-06-01,0.2,17.5201581754223,19564,4.60074183406363,4.60462972306957,4.402431738415832,4.090503671807294,-4.66428779047118,NA
2016-07-01,0.18,17.5245018120183,31218,4.60322290453512,4.61419739227131,4.399134040994999,4.036533352123885,-4.675535448648655,NA
2016-08-01,0.18,17.5263550619642,48027,4.6015742009372,4.62005826719248,4.388738035819499,4.050613338292686,-4.6775838664971365,NA
2016-09-01,0.18,17.529417793583,18048,4.60473905336211,4.62869170753884,4.380954785930873,4.064382993839919,-4.685089809163965,NA
2016-10-01,0.18,17.5311070836841,-4329,4.61583552472861,4.64098291620532,4.3763194762141024,4.1639384429138,-4.706914169871375,NA
2016-11-01,0.18,17.532827589822,7666,4.61613754986789,4.65786285368089,4.409790956919925,4.094926008531123,-4.720461230322826,NA
2016-12-01,0.17,17.5371907606452,11829,4.61065773893904,4.64410651698349,4.416036823937998,4.22634405127426,-4.727918651247145,NA
2017-01-01,0.17,17.5398268701684,50735,4.61165860688523,4.60562059796894,4.434674678727127,4.238133895402398,-4.732507434449286,NA
2017-02-01,0.18,17.5427962837729,44235,4.60534817345862,4.6970428844004,4.445863416725857,4.238821950990187,-4.741185989905534,NA
2017-03-01,0.18,17.5461488515831,-11787,4.60748701629525,4.64105128432693,4.431261144954573,4.177638565703837,-4.740225416980956,NA
2017-04-01,0.18,17.5488987421883,9514,4.60603629744767,4.60164192860494,4.4108261492602585,4.204491280240477,-4.740574822994295,NA
2017-05-01,0.17,17.5518957152961,24861,4.60796315932058,4.62810567200254,4.412056978324824,4.162439145022448,-4.745366816481375,NA
2017-06-01,0.18,17.5549644454372,15625,4.61084562673662,4.66613658840602,4.402566844928985,4.097847299083293,-4.741447804280639,NA
2017-07-01,0.18,17.5567411830354,35155,4.61054272579522,4.64345759368896,4.4190999782221425,4.130208335634656,-4.733915141878653,NA
2017-08-01,0.18,17.5630292520282,49167,4.61148983715493,4.67309105857811,4.428269871548229,4.178893138084838,-4.725704987616829,NA
2017-09-01,0.18,17.5645874518027,21709,4.61027528610578,4.67959755522386,4.438001213347994,4.231453361314571,-4.724196892409732,NA
2017-10-01,0.18,17.568242124928,35816,4.61345739091312,4.66210841508195,4.436109100228234,4.260602390460513,-4.736987610608278,NA
2017-11-01,0.18,17.5713603674915,59066,4.61959869639211,4.66578101259478,4.440414059022141,4.339039612812916,-4.7427558489406545,NA
2017-12-01,0.18,17.5720489332652,12290,4.62244702713184,4.68599878786874,4.4336145112427845,4.358074156086639,-4.739701078945697,NA
2018-01-01,0.18,17.5717323942746,69573,4.62037141742977,4.68075489950537,4.467073170285065,4.4431102691230855,-4.737688565688236,NA
2018-02-01,0.18,17.578871835318,41276,4.62614159983634,4.65077334269706,4.480240843660067,4.3887407052468745,-4.740574822994295,NA
2018-03-01,0.18,17.580509276387,13493,4.62290452714766,4.71330000343748,4.475740139490174,4.3931325992502845,-4.725970886133796,NA
2018-04-01,0.18,17.5834594577297,9910,4.62580625916067,4.6793890664102,4.494746435285296,4.453322596647249,-4.7295094602436984,NA
2018-05-01,0.19,17.5909215351048,33043,4.62515769232824,4.70493436298731,4.496791983597102,4.519033165307182,-4.726679603385288,NA
2018-06-01,0.19,17.5916192194105,1573,4.62457243558133,4.67677603829531,4.476542475366323,4.5088140669844226,-4.730480376953538,NA
2018-07-01,0.19,17.5936760764994,26188,4.62781747320235,4.68603838445661,4.432493061143961,4.51841954340464,-4.724463192176074,NA
2018-08-01,0.18,17.5942186389502,42942,4.62698462822885,4.676739939154,4.4152839570555384,4.5040587576763205,-4.717248089393442,NA
2018-09-01,0.18,17.5974599454874,13863,4.62792411451703,4.70131528617758,4.3962874226587285,4.560488785112118,-4.715906227582757,NA
2018-10-01,0.18,17.5979656277601,15432,4.62606478591291,4.73321107645999,4.41016491222282,4.573325539524942,-4.71760561531788,NA
2018-11-01,0.18,17.6023173287774,22241,4.62297339629253,4.69346831973234,4.396017746929972,4.405647451837952,-4.720639435794205,NA
2018-12-01,0.18,17.5981402250584,9156,4.62155099970885,4.67395158548418,4.392030460922172,4.285489110251008,-4.715189831026641,NA
2019-01-01,0.18,17.6050622986549,13033,4.62185416575284,4.66725267136076,4.396658137443903,4.301410765460874,-4.705106014600691,NA
2019-02-01,0.18,17.6084295099187,33548,4.62733558806206,4.62496094525326,4.414563131531683,4.348886806458947,-4.716801002159277,NA
2019-03-01,0.18,17.6136600136327,15940,4.62833047198006,4.61933699818928,4.412156237708673,4.38136516788104,-4.708989514627088,NA
2019-04-01,0.19,17.6196188683227,22197,4.63238413663483,4.68730887270298,4.414891030891152,4.433063258386756,-4.715816706075155,NA
2019-05-01,0.19,17.6215141011686,-12001,4.63446068276186,4.67805064741476,4.396746035784209,4.404083726562581,-4.706191300046819,NA
2019-06-01,0.2,17.6245933361129,44140,4.63307267992955,4.68193226144056,4.413768763786651,4.291246989335033,-4.700843936056374,NA
2019-07-01,0.19,17.6255735348451,25336,4.631491871898,4.71327366265976,4.413199599745285,4.315486855673972,-4.708809220747577,NA
2019-08-01,0.18,17.6288396110582,37065,4.6311996920173,4.71491955200746,4.373407888988138,4.253832934108716,-4.700571270751344,NA
2019-09-01,0.18,17.6325545835394,43976,4.63231398314784,4.68662689439541,4.376703635328246,4.2988173922831106,-4.71348632947155,NA
2019-10-01,0.18,17.6393950626088,57856,4.63039611286321,4.70648067870989,4.385475404094366,4.261338426897561,-4.723486412806134,NA
2019-11-01,0.18,17.6431613924335,61086,4.62936465994817,4.71779099886647,4.407488893426655,4.312394316076245,-4.726059503263545,NA
2019-12-01,0.18,17.6421674358374,93698,4.63279998478467,4.72819818727089,4.426543075818445,4.342942916474113,-4.731185906570951,NA
2020-01-01,0.18,17.6500646385302,48372,4.63989390632157,4.64672809571605,4.434759291710929,4.310191501519007,-4.744584241770769,NA
2020-02-01,0.18,17.6522061650092,29330,4.62488142675101,4.78732835673838,4.397536032536864,4.174068955592225,-4.7394388067931255,NA
2020-03-01,0.14,17.6575794720061,33167,4.62797195528016,4.73084685857037,4.358988541275457,3.7395685328245483,-4.738213959745856,NA
2020-04-01,0.08,17.6609173133686,32190,4.62268287918834,4.71812891585354,4.331644957309226,3.379684288551624,-4.747884288187267,NA
2020-05-01,0.08,17.6698339887674,62348,4.62215305858169,4.71715246531992,4.339085956813205,3.6586785040491363,-4.748491005432314,NA
2020-06-01,0.08,17.6764569497672,103597,4.62548752922643,4.74316603295003,4.378329661037418,3.8781734140738298,-4.751691838650858,NA
2020-07-01,0.08,17.6863917131958,160232,4.62660138784523,4.73650413649136,4.404657562821543,3.935672310479573,-4.751691838650858,NA
2020-08-01,0.08,17.6940050423868,44190,4.6277796067433,4.76231722676681,4.447027480352218,3.9849329450135853,-4.740138046398576,NA
2020-09-01,0.08,17.7007282752621,66335,4.62640752659772,4.78579637846062,4.469909154698024,3.93122495995422,-4.74214564101517,NA
2020-10-01,0.08,17.7071770761753,45987,4.62807253344012,4.77793665610177,4.484721796475502,3.9383604047834764,-4.759520845818016,NA
2020-11-01,0.08,17.7159384605341,309970,4.63078278997907,4.79365567140056,4.52836147095365,4.001055804562937,-4.75763372911456,NA
2020-12-01,0.08,17.7313875717312,428367,4.63336600910045,4.81097868917745,4.577508023914214,4.141894871068562,-4.756430979828675,NA
2021-01-01,0.08,17.7280105789824,342289,4.63763103361287,4.84130773956743,4.621344759603146,4.238526431336051,-4.761917491662616,NA
2021-02-01,0.08,17.73982079832,32675,4.63839275628731,4.83907295444415,4.648223662824974,4.372932535629808,-4.772208885917529,NA
